,stops,alightings
58,MEDICAL CENTER STATION  & BAY D,4578
43,GERMANTOWN TRANSIT CENTER  & BAY B,4004
124,ROCKVILLE STATION  & BAY A - WEST,3893
145,SHADY GROVE STATION  & BAY C - EAST,3399
128,S CAMPUS DR & CAMPUS DR,3007
158,UNKNOWN,2606
157,TWINBROOK STATION  & BAY A - WEST,2301
144,SHADY GROVE STATION  & BAY A - WEST,2084
51,LAKEFOREST TRANSIT CENTER  & ODENDH,2058
125,ROCKVILLE STATION  & BAY B - WEST,1649
89,ROCKVILLE PIKE & EDMONSTON DR,1348
101,ROCKVILLE PIKE & MARINELLI RD,1224
151,SHAKESPEARE BLVD & OBSERVATION DR,1190
47,HUNGERFORD DR & FREDERICK AVE,864
87,ROCKVILLE PIKE & CONGRESSIONAL LN,775
77,ODENDHAL AVE & FREDERICK AVE,759
83,ROCKVILLE PIKE & BOU AVE,626
24,FREDERICK RD & GUNNERS BRANCH RD,559
112,ROCKVILLE PIKE & ROLLINS AVE,559
110,ROCKVILLE PIKE & RANDOLPH RD,556
149,SHAKESPEARE BLVD & FREDERICK RD,513
99,ROCKVILLE PIKE & HUBBARD DR,485
120,ROCKVILLE PIKE & TUCKERMAN LN,450
69,N WASHINGTON ST & DAWSON AVE,432
68,N WASHINGTON ST & BEALL AVE,418
59,MONROE ST & MONROE PL,411
118,ROCKVILLE PIKE & TEMPLETON PL,403
109,ROCKVILLE PIKE & POOKS HILL RD,388
44,GROSVENOR STATION  & BAY E,388
117,ROCKVILLE PIKE & TALBOTT ST,383
70,N WASHINGTON ST & MARTINS LN,350
113,ROCKVILLE PIKE & ROSE AVE,335
84,ROCKVILLE PIKE & BOUIC AVE,309
37,FREDERICK RD & SHADY GROVE RD,297
4,CHRISTOPHER AVE & MONTGOMERY VILLAG,285
45,HALPINE RD & ROCKVILLE PIKE,277
91,ROCKVILLE PIKE & EXECUTIVE BLVD,270
150,SHAKESPEARE BLVD & MILESTONE PARK &,264
102,ROCKVILLE PIKE & MT VERNON PL,262
105,ROCKVILLE PIKE & NORTH DR,247
5,CHRISTOPHER AVE & RUSSELL AVE,242
96,ROCKVILLE PIKE & HALPINE RD,235
60,N FREDERICK AVE & BROOKS AVE,235
133,S FREDERICK AVE & EDUCATION BLVD,235
18,FREDERICK RD & APPLEDOWRE WAY,231
123,ROCKVILLE PIKE & WOOTTON PKWY,228
74,OBSERVATION DR & MONTGOMERY COLLEGE,221
153,TRAVIS AVE & TRAVIS LN,220
92,ROCKVILLE PIKE & FIRST ST,215
139,S FREDERICK AVE & SUMMIT AVE,212
104,ROCKVILLE PIKE & NICHOLSON LN,211
20,FREDERICK RD & COLLEGE PKWY,211
64,N FREDERICK AVE & PROFESSIONAL DR,205
108,ROCKVILLE PIKE & PIKE CENTER,203
114,ROCKVILLE PIKE & SECURITY LN,201
57,MANNAKEE ST & HUNGERFORD DR,200
32,FREDERICK RD & OXBRIDGE DR,197
63,N FREDERICK AVE & MONTGOMERY AVE,194
78,ODENDHAL AVE & RUSSELL AVE,187
53,LOST KNIFE RD & CONTOUR RD,185
29,FREDERICK RD & MIDDLEBROOK RD,185
154,TRAVIS AVE & TRAVIS VIEW CT,182
34,FREDERICK RD & REDLAND RD,177
119,ROCKVILLE PIKE & THOMPSON AVE,171
6,CHRISTOPHER AVE & VILLAGE OVERLOOK,167
138,S FREDERICK AVE & S WESTLAND DR,163
71,N WASHINGTON ST & MIDDLE LN,160
36,FREDERICK RD & SCENERY DR,160
103,ROCKVILLE PIKE & NEW ST,159
79,ROCKVILLE PIKE & @1001,148
33,FREDERICK RD & PLUMMER DR,145
134,S FREDERICK AVE & FULKS CORNER AVE,142
61,N FREDERICK AVE & CHESTNUT ST,136
129,S FREDERICK AVE & CEDAR AVE,122
88,ROCKVILLE PIKE & COUNTRY CLUB RD,121
28,FREDERICK RD & MAGNOLIA DR,120
7,CONTOUR RD & HORIZON RUN RD,118
137,S FREDERICK AVE & ROSEMONT DR,117
75,OBSERVATION DR & OBSERVATION CT,115
122,ROCKVILLE PIKE & WOODMONT STATION,111
67,N FREDERICK RD & GUNNERS BRANCH RD,109
52,LOST KNIFE RD & CIDER MILL APTS,109
22,FREDERICK RD & GERMANTOWN RD,105
97,ROCKVILLE PIKE & HILLERY WAY,104
62,N FREDERICK AVE & MARYLAND AVE,100
54,LOST KNIFE RD & MONTGOMERY VILLAGE,98
142,S WASHINGTON ST & COURT HOUSE SQ,96
3,CHRISTOPHER AVE & HELLINGLY PL,95
66,N FREDERICK AVE & WHETSTONE DR,93
107,ROCKVILLE PIKE & OLD GEORGETOWN RD,92
14,E MIDDLE LN & WASHINGTON ST,91
11,E JEFFERSON ST & MARYLAND AVE,89
55,MANNAKEE ST & CAMPUS (E) DR,86
135,S FREDERICK AVE & N WESTLAND DR,83
131,S FREDERICK AVE & DEER PARK DR,83
141,S FREDERICK AVE & WESTLAND DR,82
111,ROCKVILLE PIKE & RICHARD MONTGOMERY,77
13,E MIDDLE LN & MONROE ST,73
17,FREDERICK RD & @20010,70
116,ROCKVILLE PIKE & STRATHMORE AVE,69
23,FREDERICK RD & GUDE DR,65
155,TRAVIS AVE & WATKINS MILL RD,64
127,RUSSELL AVE & WATKINS MILL RD,63
81,ROCKVILLE PIKE & BELLEVUE DR,62
98,ROCKVILLE PIKE & HOYA ST,62
9,CONTOUR RD & ODENDHAL AVE,58
132,S FREDERICK AVE & DEER PARK RD,57
136,S FREDERICK AVE & O'NEILL DR,55
156,TUCKERMAN LN & ROCKVILLE PIKE,54
94,ROCKVILLE PIKE & GROSVENOR LN,53
1,CHRISTOPHER AVE & FEATHERTREE WAY,51
148,SHAKESPEARE BLVD & ETON MANOR DR,50
86,ROCKVILLE PIKE & CEDAR LN,48
152,SOMERVILLE DR & REDLAND RD,47
8,CONTOUR RD & LOST KNIFE RD,45
147,SHAKESPEARE BLVD & AMBER RIDGE DR,43
25,FREDERICK RD & GUNNERS DR,42
10,CONTOUR RD & TUNSTALL DR,41
160,WATKINS MILL RD & TRAVIS LN,40
65,N FREDERICK AVE & TRAVIS AVE,40
35,FREDERICK RD & RIDGEMONT AVE,39
27,FREDERICK RD & INDIANOLA DR,38
40,FREDERICK RD & WHEATFIELD DR,34
93,ROCKVILLE PIKE & FLANDERS AVE,34
121,ROCKVILLE PIKE & WICKSHIRE WAY,33
30,FREDERICK RD & MIDWAY CENTER,33
143,S WASHINGTON ST & MONTGOMERY AVE,32
126,RUSSELL AVE & CHRISTOPHER AVE,30
26,FREDERICK RD & HIGH POINT DR,28
159,WATKINS MILL RD & TRAVIS AVE,25
12,E MIDDLE LN & MARYLAND AVE,24
50,KING FARM BLVD & FREDERICK RD,24
82,ROCKVILLE PIKE & BETH MED PRK DR,23
19,FREDERICK RD & ARCHDALE RD,22
146,SHADYGROVE METRO LOT  & METRO LOT,22
80,ROCKVILLE PIKE & ALTA VISTA RD,21
49,HUNGERFORD DR & N CAMPUS DR,21
15,FREDERICK RD & @15,21
39,FREDERICK RD & WATKINS POND BLVD,21
2,CHRISTOPHER AVE & GALLOP HILL RD,20
73,OBSERVATION DR & BOLAND FARM RD,20
85,ROCKVILLE PIKE & BROAD BROOK DR,19
42,GERMANTOWN RD & OBSERVATION DR,19
21,FREDERICK RD & COLLINS DR,16
76,OBSERVATION DR & PANTHER RIDGE DR,16
31,FREDERICK RD & NEELSVILLE CHURCH RD,15
72,OBSERVATION DR & @20457 (SENECA MEA,14
115,ROCKVILLE PIKE & SOUTH WOOD RD,14
38,FREDERICK RD & SHAKESPEARE BLVD,13
16,FREDERICK RD & @15501,12
48,HUNGERFORD DR & MANNAKEE ST,12
41,GERMANTOWN RD & GOLDENROD LN,11
0,CHAPMAN AVE & BOUIC AVE,11
90,ROCKVILLE PIKE & ELSMERE AVE,9
140,S FREDERICK AVE & VIRGINIA DR,8
130,S FREDERICK AVE & CENTRAL AVE,7
106,ROCKVILLE PIKE & NORTH WOOD DR,6
95,ROCKVILLE PIKE & GROSVENOR STATION,5
100,ROCKVILLE PIKE & LOCUST HILL RD,4
46,HUNGERFORD DR & @700,2
56,MANNAKEE ST & CAMPUS DR,2
